noise_label,algorithm_a,algorithm_b,paired_runs,wilcoxon_statistic,p_value
constant_sigma_0.1883,ARS,GA,50,525.0,0.28229295463063053
constant_sigma_0.1883,ARS,SA,50,320.0,0.0017779629774352657
constant_sigma_0.1883,GA,SA,50,518.0,0.25308251223662737
hetero,ARS,GA,50,451.0,0.07237748012944856
hetero,ARS,SA,50,277.0,0.0003378810943459598
hetero,GA,SA,50,405.0,0.02420949942225903
